guest,discount
guest_1,0.09
guest_2,0.0
guest_3,0.07
guest_4,0.0
guest_5,0.1
guest_6,0.09
guest_7,0.07
guest_8,0.04
guest_9,0.12
guest_10,0.0
guest_11,0.0
guest_12,0.17
guest_13,0.01
guest_14,0.06
guest_15,0.0
guest_16,0.09
guest_17,0.11
guest_18,0.05
guest_19,0.07
guest_20,0.01
guest_21,0.12
guest_22,0.07
guest_23,0.01
guest_24,0.0
guest_25,0.13
guest_26,0.01
guest_27,0.17
guest_28,0.19
guest_29,0.03
guest_30,0.1
guest_31,0.17
guest_32,0.14
guest_33,0.12
guest_34,0.13
guest_35,0.19
guest_36,0.16
guest_37,0.01
guest_38,0.09
guest_39,0.12
guest_40,0.04
guest_41,0.11
guest_42,0.11
guest_43,0.19
guest_44,0.1
guest_45,0.0
guest_46,0.13
guest_47,0.06
guest_48,0.07
guest_49,0.18
guest_50,0.15
guest_51,0.16
guest_52,0.01
guest_53,0.15
guest_54,0.05
guest_55,0.15
guest_56,0.19
guest_57,0.03
guest_58,0.1
guest_59,0.18
guest_60,0.03
guest_61,0.19
guest_62,0.06
guest_63,0.1
guest_64,0.07
guest_65,0.11
guest_66,0.15
guest_67,0.12
guest_68,0.04
guest_69,0.12
guest_70,0.05
guest_71,0.08
guest_72,0.09
guest_73,0.06
guest_74,0.04
guest_75,0.02
guest_76,0.06
guest_77,0.1
guest_78,0.03
guest_79,0.01
guest_80,0.04
guest_81,0.0
guest_82,0.02
guest_83,0.02
guest_84,0.07
guest_85,0.12
guest_86,0.16
guest_87,0.0
guest_88,0.16
guest_89,0.0
guest_90,0.18
guest_91,0.03
guest_92,0.16
guest_93,0.09
guest_94,0.16
guest_95,0.0
guest_96,0.11
guest_97,0.03
guest_98,0.04
guest_99,0.01
guest_100,0.11
guest_101,0.02
guest_102,0.0
guest_103,0.08
guest_104,0.12
guest_105,0.18
guest_106,0.11
guest_107,0.11
guest_108,0.07
guest_109,0.13
guest_110,0.01
guest_111,0.08
guest_112,0.11
guest_113,0.05
guest_114,0.14
guest_115,0.17
guest_116,0.07
guest_117,0.15
guest_118,0.02
guest_119,0.1
guest_120,0.09
guest_121,0.17
guest_122,0.04
guest_123,0.11
guest_124,0.12
guest_125,0.12
guest_126,0.1
guest_127,0.19
guest_128,0.07
guest_129,0.1
guest_130,0.04
guest_131,0.16
guest_132,0.16
guest_133,0.04
guest_134,0.09
guest_135,0.16
guest_136,0.17
guest_137,0.17
guest_138,0.17
guest_139,0.12
guest_140,0.11
guest_141,0.15
guest_142,0.06
guest_143,0.13
guest_144,0.0
guest_145,0.17
guest_146,0.05
guest_147,0.09
guest_148,0.15
guest_149,0.08
guest_150,0.08
guest_151,0.06
guest_152,0.0
guest_153,0.15
guest_154,0.11
guest_155,0.05
guest_156,0.06
guest_157,0.18
guest_158,0.19
guest_159,0.03
guest_160,0.14
guest_161,0.03
guest_162,0.1
guest_163,0.13
guest_164,0.18
guest_165,0.18
guest_166,0.13
guest_167,0.11
guest_168,0.05
guest_169,0.0
guest_170,0.05
guest_171,0.19
guest_172,0.0
guest_173,0.0
guest_174,0.02
guest_175,0.08
guest_176,0.1
guest_177,0.1
guest_178,0.18
guest_179,0.07
guest_180,0.11
guest_181,0.03
guest_182,0.03
guest_183,0.17
guest_184,0.19
guest_185,0.04
guest_186,0.12
guest_187,0.15
guest_188,0.09
guest_189,0.01
guest_190,0.15
guest_191,0.1
guest_192,0.14
guest_193,0.13
guest_194,0.02
guest_195,0.09
guest_196,0.03
guest_197,0.12
guest_198,0.01
guest_199,0.19
guest_200,0.18
guest_201,0.19
guest_202,0.15
guest_203,0.1
guest_204,0.16
guest_205,0.1
guest_206,0.14
guest_207,0.19
guest_208,0.03
guest_209,0.09
guest_210,0.01
guest_211,0.0
guest_212,0.12
guest_213,0.0
guest_214,0.09
guest_215,0.02
guest_216,0.06
guest_217,0.06
guest_218,0.19
guest_219,0.09
guest_220,0.1
guest_221,0.15
guest_222,0.15
guest_223,0.18
guest_224,0.13
guest_225,0.15
guest_226,0.08
guest_227,0.04
guest_228,0.04
guest_229,0.19
guest_230,0.02
guest_231,0.06
guest_232,0.01
guest_233,0.01
guest_234,0.0
guest_235,0.18
guest_236,0.17
guest_237,0.06
guest_238,0.19
guest_239,0.17
guest_240,0.19
guest_241,0.09
guest_242,0.11
guest_243,0.03
guest_244,0.06
guest_245,0.04
guest_246,0.08
guest_247,0.09
guest_248,0.04
guest_249,0.19
guest_250,0.12
guest_251,0.16
guest_252,0.0
guest_253,0.04
guest_254,0.06
guest_255,0.13
guest_256,0.11
guest_257,0.02
guest_258,0.08
guest_259,0.09
guest_260,0.16
guest_261,0.15
guest_262,0.16
guest_263,0.13
guest_264,0.19
guest_265,0.03
guest_266,0.18
guest_267,0.02
guest_268,0.01
guest_269,0.12
guest_270,0.19
guest_271,0.08
guest_272,0.08
guest_273,0.17
guest_274,0.01
guest_275,0.03
guest_276,0.18
guest_277,0.01
guest_278,0.03
guest_279,0.14
guest_280,0.0
guest_281,0.12
guest_282,0.03
guest_283,0.09
guest_284,0.09
guest_285,0.13
guest_286,0.19
guest_287,0.11
guest_288,0.16
guest_289,0.01
guest_290,0.03
guest_291,0.0
guest_292,0.19
guest_293,0.14
guest_294,0.08
guest_295,0.05
guest_296,0.09
guest_297,0.11
guest_298,0.15
guest_299,0.02
guest_300,0.08
guest_301,0.05
guest_302,0.18
guest_303,0.13
guest_304,0.12
guest_305,0.12
guest_306,0.03
guest_307,0.09
guest_308,0.07
guest_309,0.1
guest_310,0.08
guest_311,0.01
guest_312,0.19
guest_313,0.04
guest_314,0.03
guest_315,0.15
guest_316,0.07
guest_317,0.19
guest_318,0.19
guest_319,0.09
guest_320,0.07
guest_321,0.09
guest_322,0.15
guest_323,0.06
guest_324,0.05
guest_325,0.07
guest_326,0.11
guest_327,0.15
guest_328,0.02
guest_329,0.16
guest_330,0.16
guest_331,0.09
guest_332,0.11
guest_333,0.17
guest_334,0.16
guest_335,0.08
guest_336,0.09
guest_337,0.04
guest_338,0.14
guest_339,0.03
guest_340,0.18
guest_341,0.1
guest_342,0.17
guest_343,0.03
guest_344,0.19
guest_345,0.05
guest_346,0.09
guest_347,0.13
guest_348,0.0
guest_349,0.15
guest_350,0.07
guest_351,0.17
guest_352,0.04
guest_353,0.05
guest_354,0.15
guest_355,0.07
guest_356,0.08
guest_357,0.03
guest_358,0.09
guest_359,0.03
guest_360,0.05
guest_361,0.17
guest_362,0.08
guest_363,0.07
guest_364,0.03
guest_365,0.17
guest_366,0.0
guest_367,0.02
guest_368,0.1
guest_369,0.06
guest_370,0.15
guest_371,0.13
guest_372,0.01
guest_373,0.17
guest_374,0.16
guest_375,0.13
guest_376,0.12
guest_377,0.16
guest_378,0.0
guest_379,0.1
guest_380,0.01
guest_381,0.18
guest_382,0.06
guest_383,0.18
guest_384,0.09
guest_385,0.19
guest_386,0.18
guest_387,0.01
guest_388,0.0
guest_389,0.09
guest_390,0.18
guest_391,0.09
guest_392,0.03
guest_393,0.13
guest_394,0.09
guest_395,0.03
guest_396,0.03
guest_397,0.04
guest_398,0.19
guest_399,0.19
guest_400,0.17
guest_401,0.1
guest_402,0.1
guest_403,0.13
guest_404,0.16
guest_405,0.19
guest_406,0.13
guest_407,0.14
guest_408,0.04
guest_409,0.17
guest_410,0.1
guest_411,0.01
guest_412,0.01
guest_413,0.02
guest_414,0.03
guest_415,0.0
guest_416,0.01
guest_417,0.02
guest_418,0.01
guest_419,0.07
guest_420,0.12
guest_421,0.09
guest_422,0.07
guest_423,0.03
guest_424,0.19
guest_425,0.05
guest_426,0.14
guest_427,0.13
guest_428,0.07
guest_429,0.11
guest_430,0.12
guest_431,0.13
guest_432,0.01
guest_433,0.17
guest_434,0.0
guest_435,0.02
guest_436,0.14
guest_437,0.14
guest_438,0.15
guest_439,0.04
guest_440,0.15
guest_441,0.17
guest_442,0.11
guest_443,0.09
guest_444,0.15
guest_445,0.05
guest_446,0.08
guest_447,0.17
guest_448,0.13
guest_449,0.08
guest_450,0.12
guest_451,0.02
guest_452,0.03
guest_453,0.06
guest_454,0.16
guest_455,0.05
guest_456,0.12
guest_457,0.17
guest_458,0.09
guest_459,0.13
guest_460,0.17
guest_461,0.08
guest_462,0.11
guest_463,0.07
guest_464,0.15
guest_465,0.09
guest_466,0.01
guest_467,0.04
guest_468,0.0
guest_469,0.11
guest_470,0.02
guest_471,0.08
guest_472,0.04
guest_473,0.07
guest_474,0.12
guest_475,0.15
guest_476,0.04
guest_477,0.01
guest_478,0.17
guest_479,0.16
guest_480,0.11
guest_481,0.01
guest_482,0.05
guest_483,0.04
guest_484,0.11
guest_485,0.18
guest_486,0.01
guest_487,0.08
guest_488,0.06
guest_489,0.0
guest_490,0.13
guest_491,0.07
guest_492,0.03
guest_493,0.19
guest_494,0.1
guest_495,0.14
guest_496,0.02
guest_497,0.07
guest_498,0.13
guest_499,0.09
guest_500,0.14
guest_501,0.16
guest_502,0.02
guest_503,0.06
guest_504,0.11
guest_505,0.14
guest_506,0.15
guest_507,0.04
guest_508,0.13
guest_509,0.02
guest_510,0.03
guest_511,0.03
guest_512,0.12
guest_513,0.0
guest_514,0.05
guest_515,0.15
guest_516,0.0
guest_517,0.1
guest_518,0.15
guest_519,0.11
guest_520,0.01
guest_521,0.19
guest_522,0.13
guest_523,0.06
guest_524,0.12
guest_525,0.07
guest_526,0.18
guest_527,0.09
guest_528,0.17
guest_529,0.08
guest_530,0.18
guest_531,0.04
guest_532,0.14
guest_533,0.04
guest_534,0.09
guest_535,0.07
guest_536,0.13
guest_537,0.12
guest_538,0.0
guest_539,0.19
guest_540,0.02
guest_541,0.03
guest_542,0.0
guest_543,0.16
guest_544,0.08
guest_545,0.11
guest_546,0.0
guest_547,0.01
guest_548,0.04
guest_549,0.0
guest_550,0.11
guest_551,0.05
guest_552,0.01
guest_553,0.03
guest_554,0.07
guest_555,0.17
guest_556,0.16
guest_557,0.03
guest_558,0.01
guest_559,0.01
guest_560,0.0
guest_561,0.0
guest_562,0.05
guest_563,0.15
guest_564,0.09
guest_565,0.15
guest_566,0.12
guest_567,0.03
guest_568,0.06
guest_569,0.08
guest_570,0.03
guest_571,0.05
guest_572,0.17
guest_573,0.06
guest_574,0.04
guest_575,0.1
guest_576,0.02
guest_577,0.01
guest_578,0.02
guest_579,0.18
guest_580,0.11
guest_581,0.14
guest_582,0.09
guest_583,0.1
guest_584,0.18
guest_585,0.09
guest_586,0.07
guest_587,0.15
guest_588,0.06
guest_589,0.08
guest_590,0.04
guest_591,0.17
guest_592,0.19
guest_593,0.12
guest_594,0.12
guest_595,0.01
guest_596,0.01
guest_597,0.16
guest_598,0.06
guest_599,0.16
guest_600,0.17
guest_601,0.12
guest_602,0.0
guest_603,0.03
guest_604,0.07
guest_605,0.1
guest_606,0.0
guest_607,0.07
guest_608,0.1
guest_609,0.05
guest_610,0.01
guest_611,0.01
guest_612,0.04
guest_613,0.18
guest_614,0.11
guest_615,0.12
guest_616,0.18
guest_617,0.12
guest_618,0.09
guest_619,0.04
guest_620,0.04
guest_621,0.11
guest_622,0.04
guest_623,0.02
guest_624,0.19
guest_625,0.17
guest_626,0.18
guest_627,0.15
guest_628,0.0
guest_629,0.19
guest_630,0.18
guest_631,0.14
guest_632,0.07
guest_633,0.03
guest_634,0.18
guest_635,0.07
guest_636,0.07
guest_637,0.07
guest_638,0.03
guest_639,0.11
guest_640,0.13
guest_641,0.03
guest_642,0.11
guest_643,0.19
guest_644,0.05
guest_645,0.13
guest_646,0.09
guest_647,0.15
guest_648,0.18
guest_649,0.13
guest_650,0.0
guest_651,0.16
guest_652,0.13
guest_653,0.19
guest_654,0.18
guest_655,0.03
guest_656,0.08
guest_657,0.08
guest_658,0.02
guest_659,0.16
guest_660,0.15
guest_661,0.14
guest_662,0.05
guest_663,0.08
guest_664,0.06
guest_665,0.03
guest_666,0.08
guest_667,0.07
guest_668,0.01
guest_669,0.01
guest_670,0.1
guest_671,0.13
guest_672,0.11
guest_673,0.03
guest_674,0.03
guest_675,0.02
guest_676,0.07
guest_677,0.07
guest_678,0.07
guest_679,0.05
guest_680,0.0
guest_681,0.07
guest_682,0.17
guest_683,0.17
guest_684,0.01
guest_685,0.15
guest_686,0.02
guest_687,0.02
guest_688,0.02
guest_689,0.17
guest_690,0.14
guest_691,0.18
guest_692,0.13
guest_693,0.12
guest_694,0.0
guest_695,0.13
guest_696,0.13
guest_697,0.07
guest_698,0.14
guest_699,0.0
guest_700,0.17
guest_701,0.01
guest_702,0.0
guest_703,0.19
guest_704,0.12
guest_705,0.11
guest_706,0.06
guest_707,0.18
guest_708,0.09
guest_709,0.05
guest_710,0.01
guest_711,0.05
guest_712,0.02
guest_713,0.05
guest_714,0.06
guest_715,0.16
guest_716,0.16
guest_717,0.07
guest_718,0.18
guest_719,0.01
guest_720,0.12
guest_721,0.1
guest_722,0.16
guest_723,0.16
guest_724,0.17
guest_725,0.13
guest_726,0.12
guest_727,0.05
guest_728,0.18
guest_729,0.18
guest_730,0.15
guest_731,0.12
guest_732,0.19
guest_733,0.1
guest_734,0.13
guest_735,0.1
guest_736,0.02
guest_737,0.01
guest_738,0.06
guest_739,0.16
guest_740,0.13
guest_741,0.08
guest_742,0.1
guest_743,0.1
guest_744,0.07
guest_745,0.15
guest_746,0.07
guest_747,0.11
guest_748,0.15
guest_749,0.02
guest_750,0.11
guest_751,0.06
guest_752,0.15
guest_753,0.05
guest_754,0.09
guest_755,0.16
guest_756,0.15
guest_757,0.04
guest_758,0.03
guest_759,0.11
guest_760,0.03
guest_761,0.13
guest_762,0.04
guest_763,0.18
guest_764,0.16
guest_765,0.15
guest_766,0.16
guest_767,0.0
guest_768,0.03
guest_769,0.08
guest_770,0.06
guest_771,0.02
guest_772,0.15
guest_773,0.09
guest_774,0.07
guest_775,0.03
guest_776,0.1
guest_777,0.08
guest_778,0.14
guest_779,0.03
guest_780,0.0
guest_781,0.05
guest_782,0.03
guest_783,0.04
guest_784,0.13
guest_785,0.1
guest_786,0.18
guest_787,0.13
guest_788,0.04
guest_789,0.13
guest_790,0.11
guest_791,0.13
guest_792,0.0
guest_793,0.06
guest_794,0.03
guest_795,0.19
guest_796,0.16
guest_797,0.01
guest_798,0.13
guest_799,0.05
guest_800,0.13
guest_801,0.16
guest_802,0.13
guest_803,0.13
guest_804,0.16
guest_805,0.07
guest_806,0.08
guest_807,0.01
guest_808,0.08
guest_809,0.11
guest_810,0.1
guest_811,0.1
guest_812,0.0
guest_813,0.08
guest_814,0.18
guest_815,0.07
guest_816,0.18
guest_817,0.05
guest_818,0.04
guest_819,0.04
guest_820,0.19
guest_821,0.11
guest_822,0.01
guest_823,0.01
guest_824,0.09
guest_825,0.15
guest_826,0.13
guest_827,0.09
guest_828,0.08
guest_829,0.09
guest_830,0.07
guest_831,0.12
guest_832,0.03
guest_833,0.05
guest_834,0.04
guest_835,0.02
guest_836,0.19
guest_837,0.0
guest_838,0.09
guest_839,0.11
guest_840,0.13
guest_841,0.03
guest_842,0.11
guest_843,0.19
guest_844,0.05
guest_845,0.05
guest_846,0.19
guest_847,0.07
guest_848,0.07
guest_849,0.18
guest_850,0.04
guest_851,0.05
guest_852,0.06
guest_853,0.11
guest_854,0.07
guest_855,0.12
guest_856,0.11
guest_857,0.03
guest_858,0.17
guest_859,0.04
guest_860,0.12
guest_861,0.07
guest_862,0.1
guest_863,0.06
guest_864,0.0
guest_865,0.01
guest_866,0.15
guest_867,0.07
guest_868,0.0
guest_869,0.07
guest_870,0.08
guest_871,0.11
guest_872,0.03
guest_873,0.03
guest_874,0.02
guest_875,0.04
guest_876,0.01
guest_877,0.1
guest_878,0.01
guest_879,0.04
guest_880,0.12
guest_881,0.15
guest_882,0.17
guest_883,0.1
guest_884,0.06
guest_885,0.06
guest_886,0.05
guest_887,0.0
guest_888,0.11
guest_889,0.09
guest_890,0.17
guest_891,0.18
guest_892,0.02
guest_893,0.14
guest_894,0.05
guest_895,0.17
guest_896,0.16
guest_897,0.16
guest_898,0.13
guest_899,0.06
guest_900,0.07
guest_901,0.07
guest_902,0.19
guest_903,0.1
guest_904,0.18
guest_905,0.1
guest_906,0.12
guest_907,0.06
guest_908,0.1
guest_909,0.1
guest_910,0.19
guest_911,0.01
guest_912,0.16
guest_913,0.15
guest_914,0.19
guest_915,0.12
guest_916,0.11
guest_917,0.03
guest_918,0.1
guest_919,0.09
guest_920,0.11
guest_921,0.17
guest_922,0.06
guest_923,0.11
guest_924,0.15
guest_925,0.18
guest_926,0.01
guest_927,0.18
guest_928,0.15
guest_929,0.15
guest_930,0.12
guest_931,0.04
guest_932,0.14
guest_933,0.0
guest_934,0.03
guest_935,0.15
guest_936,0.0
guest_937,0.01
guest_938,0.18
guest_939,0.14
guest_940,0.13
guest_941,0.12
guest_942,0.06
guest_943,0.16
guest_944,0.17
guest_945,0.09
guest_946,0.13
guest_947,0.05
guest_948,0.12
guest_949,0.19
guest_950,0.0
guest_951,0.0
guest_952,0.09
guest_953,0.1
guest_954,0.14
guest_955,0.08
guest_956,0.14
guest_957,0.01
guest_958,0.18
guest_959,0.12
guest_960,0.14
guest_961,0.07
guest_962,0.05
guest_963,0.04
guest_964,0.05
guest_965,0.14
guest_966,0.02
guest_967,0.05
guest_968,0.18
guest_969,0.18
guest_970,0.03
guest_971,0.08
guest_972,0.13
guest_973,0.11
guest_974,0.11
guest_975,0.11
guest_976,0.08
guest_977,0.02
guest_978,0.07
guest_979,0.03
guest_980,0.06
guest_981,0.05
guest_982,0.01
guest_983,0.05
guest_984,0.05
guest_985,0.01
guest_986,0.05
guest_987,0.05
guest_988,0.02
guest_989,0.13
guest_990,0.12
guest_991,0.13
guest_992,0.15
guest_993,0.15
guest_994,0.15
guest_995,0.12
guest_996,0.15
guest_997,0.07
guest_998,0.13
guest_999,0.15
guest_1000,0.07
guest_1001,0.19
guest_1002,0.03
guest_1003,0.07
guest_1004,0.13
guest_1005,0.07
guest_1006,0.08
guest_1007,0.1
guest_1008,0.15
guest_1009,0.1
guest_1010,0.12
guest_1011,0.05
guest_1012,0.11
guest_1013,0.07
guest_1014,0.04
guest_1015,0.16
guest_1016,0.01
guest_1017,0.1
guest_1018,0.1
guest_1019,0.03
guest_1020,0.06
guest_1021,0.13
guest_1022,0.04
guest_1023,0.13
guest_1024,0.04
guest_1025,0.17
guest_1026,0.17
guest_1027,0.02
guest_1028,0.13
guest_1029,0.01
guest_1030,0.18
guest_1031,0.03
guest_1032,0.08
guest_1033,0.17
guest_1034,0.16
guest_1035,0.09
guest_1036,0.04
guest_1037,0.13
guest_1038,0.07
guest_1039,0.01
guest_1040,0.06
guest_1041,0.14
guest_1042,0.05
guest_1043,0.1
guest_1044,0.18
guest_1045,0.04
guest_1046,0.07
guest_1047,0.19
guest_1048,0.12
guest_1049,0.18
guest_1050,0.07
guest_1051,0.03
guest_1052,0.13
guest_1053,0.19
guest_1054,0.13
guest_1055,0.11
guest_1056,0.13
guest_1057,0.08
guest_1058,0.19
guest_1059,0.05
guest_1060,0.19
guest_1061,0.0
guest_1062,0.14
guest_1063,0.12
guest_1064,0.08
guest_1065,0.19
guest_1066,0.16
guest_1067,0.18
guest_1068,0.08
guest_1069,0.08
guest_1070,0.07
guest_1071,0.1
guest_1072,0.0
guest_1073,0.03
guest_1074,0.17
guest_1075,0.14
guest_1076,0.11
guest_1077,0.01
guest_1078,0.1
guest_1079,0.12
guest_1080,0.09
guest_1081,0.17
guest_1082,0.13
guest_1083,0.08
guest_1084,0.11
guest_1085,0.01
guest_1086,0.0
guest_1087,0.08
guest_1088,0.19
guest_1089,0.11
guest_1090,0.12
guest_1091,0.09
guest_1092,0.06
guest_1093,0.0
guest_1094,0.0
guest_1095,0.01
guest_1096,0.17
guest_1097,0.18
guest_1098,0.11
guest_1099,0.13
guest_1100,0.14
guest_1101,0.12
guest_1102,0.1
guest_1103,0.01
guest_1104,0.11
guest_1105,0.04
guest_1106,0.02
guest_1107,0.04
guest_1108,0.03
guest_1109,0.12
guest_1110,0.11
guest_1111,0.19
guest_1112,0.02
guest_1113,0.07
guest_1114,0.17
guest_1115,0.12
guest_1116,0.05
guest_1117,0.16
guest_1118,0.13
guest_1119,0.06
guest_1120,0.19
guest_1121,0.17
guest_1122,0.16
guest_1123,0.05
guest_1124,0.02
guest_1125,0.13
guest_1126,0.1
guest_1127,0.19
guest_1128,0.1
guest_1129,0.04
guest_1130,0.19
guest_1131,0.01
guest_1132,0.18
guest_1133,0.03
guest_1134,0.16
guest_1135,0.05
guest_1136,0.03
guest_1137,0.01
guest_1138,0.04
guest_1139,0.1
guest_1140,0.19
guest_1141,0.19
guest_1142,0.13
guest_1143,0.16
guest_1144,0.01
guest_1145,0.01
guest_1146,0.14
guest_1147,0.1
guest_1148,0.0
guest_1149,0.11
guest_1150,0.02
guest_1151,0.13
guest_1152,0.0
guest_1153,0.06
guest_1154,0.15
guest_1155,0.11
guest_1156,0.13
guest_1157,0.0
guest_1158,0.14
guest_1159,0.15
guest_1160,0.0
guest_1161,0.06
guest_1162,0.14
guest_1163,0.11
guest_1164,0.19
guest_1165,0.16
guest_1166,0.1
guest_1167,0.08
guest_1168,0.14
guest_1169,0.06
guest_1170,0.09
guest_1171,0.05
guest_1172,0.0
guest_1173,0.08
guest_1174,0.17
guest_1175,0.0
guest_1176,0.15
guest_1177,0.12
guest_1178,0.13
guest_1179,0.1
guest_1180,0.03
guest_1181,0.12
guest_1182,0.01
guest_1183,0.06
guest_1184,0.12
guest_1185,0.15
guest_1186,0.11
guest_1187,0.01
guest_1188,0.04
guest_1189,0.14
guest_1190,0.09
guest_1191,0.17
guest_1192,0.19
guest_1193,0.15
guest_1194,0.15
guest_1195,0.06
guest_1196,0.0
guest_1197,0.08
guest_1198,0.06
guest_1199,0.15
guest_1200,0.02
guest_1201,0.04
guest_1202,0.0
guest_1203,0.06
guest_1204,0.14
guest_1205,0.09
guest_1206,0.12
guest_1207,0.0
guest_1208,0.18
guest_1209,0.01
guest_1210,0.03
guest_1211,0.17
guest_1212,0.1
guest_1213,0.13
guest_1214,0.08
guest_1215,0.08
guest_1216,0.02
guest_1217,0.17
guest_1218,0.13
guest_1219,0.09
guest_1220,0.19
guest_1221,0.15
guest_1222,0.06
guest_1223,0.18
guest_1224,0.07
guest_1225,0.12
guest_1226,0.18
guest_1227,0.11
guest_1228,0.13
guest_1229,0.14
guest_1230,0.02
guest_1231,0.11
guest_1232,0.01
guest_1233,0.07
guest_1234,0.03
guest_1235,0.13
guest_1236,0.14
guest_1237,0.1
guest_1238,0.12
guest_1239,0.08
guest_1240,0.06
guest_1241,0.1
guest_1242,0.17
guest_1243,0.0
guest_1244,0.13
guest_1245,0.09
guest_1246,0.0
guest_1247,0.1
guest_1248,0.0
guest_1249,0.01
guest_1250,0.08
guest_1251,0.18
guest_1252,0.09
guest_1253,0.16
guest_1254,0.14
guest_1255,0.1
guest_1256,0.11
guest_1257,0.07
guest_1258,0.09
guest_1259,0.12
guest_1260,0.05
guest_1261,0.09
guest_1262,0.18
guest_1263,0.0
guest_1264,0.03
guest_1265,0.19
guest_1266,0.05
guest_1267,0.18
guest_1268,0.08
guest_1269,0.11
guest_1270,0.15
guest_1271,0.04
guest_1272,0.11
guest_1273,0.17
guest_1274,0.16
guest_1275,0.06
guest_1276,0.18
guest_1277,0.03
guest_1278,0.13
guest_1279,0.14
guest_1280,0.04
guest_1281,0.17
guest_1282,0.12
guest_1283,0.02
guest_1284,0.0
guest_1285,0.18
guest_1286,0.1
guest_1287,0.12
guest_1288,0.1
guest_1289,0.14
guest_1290,0.14
guest_1291,0.03
guest_1292,0.08
guest_1293,0.07
guest_1294,0.1
guest_1295,0.1
guest_1296,0.16
guest_1297,0.06
guest_1298,0.06
guest_1299,0.13
guest_1300,0.05
guest_1301,0.0
guest_1302,0.02
guest_1303,0.0
guest_1304,0.12
guest_1305,0.03
guest_1306,0.18
guest_1307,0.13
guest_1308,0.02
guest_1309,0.09
guest_1310,0.03
guest_1311,0.16
guest_1312,0.05
guest_1313,0.12
guest_1314,0.19
guest_1315,0.09
guest_1316,0.03
guest_1317,0.09
guest_1318,0.15
guest_1319,0.11
guest_1320,0.01
guest_1321,0.12
guest_1322,0.07
guest_1323,0.19
guest_1324,0.05
guest_1325,0.09
guest_1326,0.0
guest_1327,0.11
guest_1328,0.09
guest_1329,0.04
guest_1330,0.08
guest_1331,0.14
guest_1332,0.05
guest_1333,0.02
guest_1334,0.06
guest_1335,0.17
guest_1336,0.11
guest_1337,0.03
guest_1338,0.12
guest_1339,0.14
guest_1340,0.02
guest_1341,0.0
guest_1342,0.19
guest_1343,0.0
guest_1344,0.15
guest_1345,0.05
guest_1346,0.01
guest_1347,0.07
guest_1348,0.04
guest_1349,0.05
guest_1350,0.05
guest_1351,0.02
guest_1352,0.18
guest_1353,0.19
guest_1354,0.07
guest_1355,0.0
guest_1356,0.06
guest_1357,0.03
guest_1358,0.1
guest_1359,0.12
guest_1360,0.04
guest_1361,0.15
guest_1362,0.19
guest_1363,0.09
guest_1364,0.14
guest_1365,0.1
guest_1366,0.14
guest_1367,0.08
guest_1368,0.05
guest_1369,0.09
guest_1370,0.02
guest_1371,0.07
guest_1372,0.12
guest_1373,0.0
guest_1374,0.19
guest_1375,0.03
guest_1376,0.06
guest_1377,0.06
guest_1378,0.16
guest_1379,0.1
guest_1380,0.03
guest_1381,0.09
guest_1382,0.02
guest_1383,0.02
guest_1384,0.18
guest_1385,0.08
guest_1386,0.14
guest_1387,0.12
guest_1388,0.01
guest_1389,0.01
guest_1390,0.05
guest_1391,0.17
guest_1392,0.19
guest_1393,0.17
guest_1394,0.05
guest_1395,0.02
guest_1396,0.1
guest_1397,0.16
guest_1398,0.06
guest_1399,0.13
guest_1400,0.1
guest_1401,0.06
guest_1402,0.03
guest_1403,0.07
guest_1404,0.18
guest_1405,0.13
guest_1406,0.09
guest_1407,0.07
guest_1408,0.09
guest_1409,0.1
guest_1410,0.12
guest_1411,0.05
guest_1412,0.19
guest_1413,0.01
guest_1414,0.02
guest_1415,0.12
guest_1416,0.18
guest_1417,0.05
guest_1418,0.05
guest_1419,0.12
guest_1420,0.03
guest_1421,0.03
guest_1422,0.05
guest_1423,0.16
guest_1424,0.09
guest_1425,0.01
guest_1426,0.05
guest_1427,0.06
guest_1428,0.02
guest_1429,0.16
guest_1430,0.05
guest_1431,0.07
guest_1432,0.17
guest_1433,0.15
guest_1434,0.09
guest_1435,0.18
guest_1436,0.12
guest_1437,0.17
guest_1438,0.05
guest_1439,0.07
guest_1440,0.19
guest_1441,0.1
guest_1442,0.16
guest_1443,0.08
guest_1444,0.11
guest_1445,0.03
guest_1446,0.15
guest_1447,0.15
guest_1448,0.01
guest_1449,0.1
guest_1450,0.04
guest_1451,0.03
guest_1452,0.05
guest_1453,0.04
guest_1454,0.04
guest_1455,0.01
guest_1456,0.02
guest_1457,0.07
guest_1458,0.05
guest_1459,0.16
guest_1460,0.06
guest_1461,0.07
guest_1462,0.03
guest_1463,0.13
guest_1464,0.17
guest_1465,0.17
guest_1466,0.05
guest_1467,0.12
guest_1468,0.03
guest_1469,0.19
guest_1470,0.14
guest_1471,0.11
guest_1472,0.13
guest_1473,0.1
guest_1474,0.16
guest_1475,0.15
guest_1476,0.18
guest_1477,0.02
guest_1478,0.15
guest_1479,0.13
guest_1480,0.02
guest_1481,0.19
guest_1482,0.13
guest_1483,0.0
guest_1484,0.07
guest_1485,0.19
guest_1486,0.17
guest_1487,0.1
guest_1488,0.05
guest_1489,0.03
guest_1490,0.1
guest_1491,0.07
guest_1492,0.08
guest_1493,0.08
guest_1494,0.17
guest_1495,0.01
guest_1496,0.13
guest_1497,0.14
guest_1498,0.17
guest_1499,0.09
guest_1500,0.12
guest_1501,0.02
guest_1502,0.13
guest_1503,0.17
guest_1504,0.15
guest_1505,0.11
guest_1506,0.06
guest_1507,0.1
guest_1508,0.09
guest_1509,0.18
guest_1510,0.02
guest_1511,0.08
guest_1512,0.06
guest_1513,0.17
guest_1514,0.18
guest_1515,0.07
guest_1516,0.04
guest_1517,0.11
guest_1518,0.17
guest_1519,0.01
guest_1520,0.01
guest_1521,0.01
guest_1522,0.0
guest_1523,0.14
guest_1524,0.06
guest_1525,0.16
guest_1526,0.04
guest_1527,0.12
guest_1528,0.04
guest_1529,0.05
guest_1530,0.08
guest_1531,0.02
guest_1532,0.15
guest_1533,0.0
guest_1534,0.18
guest_1535,0.04
guest_1536,0.09
guest_1537,0.06
guest_1538,0.15
guest_1539,0.19
guest_1540,0.12
guest_1541,0.13
guest_1542,0.16
guest_1543,0.09
guest_1544,0.19
guest_1545,0.09
guest_1546,0.15
guest_1547,0.01
guest_1548,0.05
guest_1549,0.03
guest_1550,0.17
guest_1551,0.14
guest_1552,0.0
guest_1553,0.15
guest_1554,0.13
guest_1555,0.13
guest_1556,0.16
guest_1557,0.13
guest_1558,0.03
guest_1559,0.03
guest_1560,0.04
guest_1561,0.03
guest_1562,0.03
guest_1563,0.01
guest_1564,0.03
guest_1565,0.1
guest_1566,0.19
guest_1567,0.13
guest_1568,0.08
guest_1569,0.02
guest_1570,0.19
guest_1571,0.1
guest_1572,0.11
guest_1573,0.0
guest_1574,0.12
guest_1575,0.14
guest_1576,0.1
guest_1577,0.16
guest_1578,0.1
guest_1579,0.14
guest_1580,0.13
guest_1581,0.12
guest_1582,0.02
guest_1583,0.07
guest_1584,0.14
guest_1585,0.08
guest_1586,0.16
guest_1587,0.02
guest_1588,0.1
guest_1589,0.04
guest_1590,0.03
guest_1591,0.0
guest_1592,0.15
guest_1593,0.1
guest_1594,0.04
guest_1595,0.17
guest_1596,0.16
guest_1597,0.15
guest_1598,0.15
guest_1599,0.12
guest_1600,0.06
guest_1601,0.08
guest_1602,0.05
guest_1603,0.12
guest_1604,0.09
guest_1605,0.04
guest_1606,0.13
guest_1607,0.12
guest_1608,0.11
guest_1609,0.01
guest_1610,0.18
guest_1611,0.03
guest_1612,0.09
guest_1613,0.0
guest_1614,0.1
guest_1615,0.09
guest_1616,0.04
guest_1617,0.0
guest_1618,0.14
guest_1619,0.04
guest_1620,0.09
guest_1621,0.04
guest_1622,0.16
guest_1623,0.19
guest_1624,0.11
guest_1625,0.14
guest_1626,0.06
guest_1627,0.09
guest_1628,0.16
guest_1629,0.09
guest_1630,0.0
guest_1631,0.09
guest_1632,0.1
guest_1633,0.02
guest_1634,0.07
guest_1635,0.08
guest_1636,0.01
guest_1637,0.06
guest_1638,0.04
guest_1639,0.15
guest_1640,0.15
guest_1641,0.04
guest_1642,0.09
guest_1643,0.16
guest_1644,0.16
guest_1645,0.11
guest_1646,0.13
guest_1647,0.09
guest_1648,0.05
guest_1649,0.15
guest_1650,0.05
guest_1651,0.16
guest_1652,0.14
guest_1653,0.12
guest_1654,0.17
guest_1655,0.09
guest_1656,0.08
guest_1657,0.11
guest_1658,0.0
guest_1659,0.16
guest_1660,0.07
guest_1661,0.05
guest_1662,0.02
guest_1663,0.12
guest_1664,0.07
guest_1665,0.1
guest_1666,0.05
guest_1667,0.19
guest_1668,0.19
guest_1669,0.13
guest_1670,0.05
guest_1671,0.13
guest_1672,0.01
guest_1673,0.04
guest_1674,0.13
guest_1675,0.01
guest_1676,0.12
guest_1677,0.16
guest_1678,0.02
guest_1679,0.01
guest_1680,0.02
guest_1681,0.09
guest_1682,0.11
guest_1683,0.03
guest_1684,0.09
guest_1685,0.16
guest_1686,0.02
guest_1687,0.06
guest_1688,0.02
guest_1689,0.18
guest_1690,0.17
guest_1691,0.13
guest_1692,0.08
guest_1693,0.17
guest_1694,0.08
guest_1695,0.12
guest_1696,0.01
guest_1697,0.08
guest_1698,0.0
guest_1699,0.17
guest_1700,0.17
guest_1701,0.14
guest_1702,0.03
guest_1703,0.12
guest_1704,0.19
guest_1705,0.05
guest_1706,0.11
guest_1707,0.17
guest_1708,0.06
guest_1709,0.03
guest_1710,0.04
guest_1711,0.0
guest_1712,0.05
guest_1713,0.02
guest_1714,0.1
guest_1715,0.04
guest_1716,0.12
guest_1717,0.0
guest_1718,0.04
guest_1719,0.08
guest_1720,0.04
guest_1721,0.01
guest_1722,0.08
guest_1723,0.01
guest_1724,0.15
guest_1725,0.06
guest_1726,0.01
guest_1727,0.15
guest_1728,0.02
guest_1729,0.15
guest_1730,0.09
guest_1731,0.13
guest_1732,0.12
guest_1733,0.02
guest_1734,0.16
guest_1735,0.19
guest_1736,0.11
guest_1737,0.19
guest_1738,0.02
guest_1739,0.18
guest_1740,0.1
guest_1741,0.02
guest_1742,0.16
guest_1743,0.02
guest_1744,0.15
guest_1745,0.12
guest_1746,0.12
guest_1747,0.0
guest_1748,0.09
guest_1749,0.06
guest_1750,0.12
guest_1751,0.01
guest_1752,0.14
guest_1753,0.04
guest_1754,0.0
guest_1755,0.17
guest_1756,0.17
guest_1757,0.16
guest_1758,0.15
guest_1759,0.18
guest_1760,0.09
guest_1761,0.0
guest_1762,0.02
guest_1763,0.05
guest_1764,0.17
guest_1765,0.19
guest_1766,0.08
guest_1767,0.04
guest_1768,0.14
guest_1769,0.17
guest_1770,0.12
guest_1771,0.06
guest_1772,0.0
guest_1773,0.01
guest_1774,0.16
guest_1775,0.14
guest_1776,0.03
guest_1777,0.13
guest_1778,0.16
guest_1779,0.08
guest_1780,0.05
guest_1781,0.09
guest_1782,0.18
guest_1783,0.18
guest_1784,0.0
guest_1785,0.11
guest_1786,0.02
guest_1787,0.0
guest_1788,0.11
guest_1789,0.01
guest_1790,0.03
guest_1791,0.01
guest_1792,0.11
guest_1793,0.16
guest_1794,0.12
guest_1795,0.0
guest_1796,0.0
guest_1797,0.12
guest_1798,0.09
guest_1799,0.16
guest_1800,0.16
guest_1801,0.07
guest_1802,0.19
guest_1803,0.08
guest_1804,0.18
guest_1805,0.12
guest_1806,0.12
guest_1807,0.15
guest_1808,0.04
guest_1809,0.05
guest_1810,0.03
guest_1811,0.01
guest_1812,0.0
guest_1813,0.02
guest_1814,0.11
guest_1815,0.12
guest_1816,0.01
guest_1817,0.11
guest_1818,0.04
guest_1819,0.11
guest_1820,0.02
guest_1821,0.04
guest_1822,0.1
guest_1823,0.1
guest_1824,0.19
guest_1825,0.15
guest_1826,0.11
guest_1827,0.15
guest_1828,0.18
guest_1829,0.0
guest_1830,0.13
guest_1831,0.12
guest_1832,0.05
guest_1833,0.1
guest_1834,0.05
guest_1835,0.05
guest_1836,0.17
guest_1837,0.11
guest_1838,0.1
guest_1839,0.07
guest_1840,0.03
guest_1841,0.08
guest_1842,0.09
guest_1843,0.19
guest_1844,0.13
guest_1845,0.14
guest_1846,0.12
guest_1847,0.04
guest_1848,0.11
guest_1849,0.19
guest_1850,0.15
guest_1851,0.14
guest_1852,0.17
guest_1853,0.01
guest_1854,0.13
guest_1855,0.13
guest_1856,0.02
guest_1857,0.08
guest_1858,0.06
guest_1859,0.16
guest_1860,0.19
guest_1861,0.07
guest_1862,0.15
guest_1863,0.09
guest_1864,0.12
guest_1865,0.09
guest_1866,0.08
guest_1867,0.17
guest_1868,0.17
guest_1869,0.04
guest_1870,0.02
guest_1871,0.09
guest_1872,0.0
guest_1873,0.11
guest_1874,0.1
guest_1875,0.06
guest_1876,0.14
guest_1877,0.01
guest_1878,0.15
guest_1879,0.15
guest_1880,0.04
guest_1881,0.07
guest_1882,0.16
guest_1883,0.02
guest_1884,0.03
guest_1885,0.12
guest_1886,0.08
guest_1887,0.08
guest_1888,0.05
guest_1889,0.06
guest_1890,0.12
guest_1891,0.07
guest_1892,0.07
guest_1893,0.0
guest_1894,0.15
guest_1895,0.13
guest_1896,0.14
guest_1897,0.1
guest_1898,0.11
guest_1899,0.08
guest_1900,0.16
guest_1901,0.09
guest_1902,0.1
guest_1903,0.1
guest_1904,0.06
guest_1905,0.02
guest_1906,0.18
guest_1907,0.06
guest_1908,0.11
guest_1909,0.18
guest_1910,0.12
guest_1911,0.19
guest_1912,0.12
guest_1913,0.07
guest_1914,0.06
guest_1915,0.11
guest_1916,0.01
guest_1917,0.12
guest_1918,0.12
guest_1919,0.11
guest_1920,0.19
guest_1921,0.12
guest_1922,0.14
guest_1923,0.02
guest_1924,0.12
guest_1925,0.06
guest_1926,0.15
guest_1927,0.16
guest_1928,0.04
guest_1929,0.06
guest_1930,0.11
guest_1931,0.11
guest_1932,0.1
guest_1933,0.08
guest_1934,0.11
guest_1935,0.18
guest_1936,0.15
guest_1937,0.19
guest_1938,0.02
guest_1939,0.01
guest_1940,0.18
guest_1941,0.01
guest_1942,0.14
guest_1943,0.12
guest_1944,0.05
guest_1945,0.04
guest_1946,0.19
guest_1947,0.15
guest_1948,0.02
guest_1949,0.06
guest_1950,0.19
guest_1951,0.17
guest_1952,0.04
guest_1953,0.05
guest_1954,0.1
guest_1955,0.19
guest_1956,0.08
guest_1957,0.1
guest_1958,0.12
guest_1959,0.17
guest_1960,0.19
guest_1961,0.17
guest_1962,0.0
guest_1963,0.09
guest_1964,0.18
guest_1965,0.0
guest_1966,0.03
guest_1967,0.11
guest_1968,0.12
guest_1969,0.05
guest_1970,0.13
guest_1971,0.17
guest_1972,0.02
guest_1973,0.13
guest_1974,0.19
guest_1975,0.07
guest_1976,0.09
guest_1977,0.17
guest_1978,0.06
guest_1979,0.01
guest_1980,0.12
guest_1981,0.18
guest_1982,0.12
guest_1983,0.05
guest_1984,0.17
guest_1985,0.16
guest_1986,0.04
guest_1987,0.18
guest_1988,0.06
guest_1989,0.17
guest_1990,0.11
guest_1991,0.1
guest_1992,0.18
guest_1993,0.01
guest_1994,0.02
guest_1995,0.02
guest_1996,0.11
guest_1997,0.07
guest_1998,0.1
guest_1999,0.1
guest_2000,0.04
guest_2001,0.16
guest_2002,0.02
guest_2003,0.0
guest_2004,0.05
guest_2005,0.05
guest_2006,0.19
guest_2007,0.09
guest_2008,0.13
guest_2009,0.18
guest_2010,0.02
guest_2011,0.17
guest_2012,0.12
guest_2013,0.07
guest_2014,0.17
guest_2015,0.17
guest_2016,0.05
guest_2017,0.06
guest_2018,0.09
guest_2019,0.18
guest_2020,0.0
guest_2021,0.19
guest_2022,0.15
guest_2023,0.03
guest_2024,0.0
guest_2025,0.16
guest_2026,0.11
guest_2027,0.12
guest_2028,0.15
guest_2029,0.14
guest_2030,0.11
guest_2031,0.09
guest_2032,0.09
guest_2033,0.08
guest_2034,0.16
guest_2035,0.14
guest_2036,0.1
guest_2037,0.16
guest_2038,0.08
guest_2039,0.02
guest_2040,0.03
guest_2041,0.06
guest_2042,0.16
guest_2043,0.01
guest_2044,0.05
guest_2045,0.12
guest_2046,0.02
guest_2047,0.08
guest_2048,0.14
guest_2049,0.03
guest_2050,0.05
guest_2051,0.16
guest_2052,0.12
guest_2053,0.17
guest_2054,0.16
guest_2055,0.05
guest_2056,0.16
guest_2057,0.02
guest_2058,0.18
guest_2059,0.02
guest_2060,0.02
guest_2061,0.18
guest_2062,0.05
guest_2063,0.1
guest_2064,0.12
guest_2065,0.02
guest_2066,0.19
guest_2067,0.18
guest_2068,0.16
guest_2069,0.14
guest_2070,0.15
guest_2071,0.14
guest_2072,0.02
guest_2073,0.1
guest_2074,0.12
guest_2075,0.01
guest_2076,0.13
guest_2077,0.14
guest_2078,0.03
guest_2079,0.09
guest_2080,0.09
guest_2081,0.06
guest_2082,0.16
guest_2083,0.01
guest_2084,0.01
guest_2085,0.04
guest_2086,0.16
guest_2087,0.15
guest_2088,0.05
guest_2089,0.03
guest_2090,0.16
guest_2091,0.08
guest_2092,0.06
guest_2093,0.01
guest_2094,0.16
guest_2095,0.11
guest_2096,0.03
guest_2097,0.12
guest_2098,0.18
guest_2099,0.02
guest_2100,0.09
guest_2101,0.0
guest_2102,0.17
guest_2103,0.16
guest_2104,0.16
guest_2105,0.09
guest_2106,0.19
guest_2107,0.14
guest_2108,0.1
guest_2109,0.0
guest_2110,0.13
guest_2111,0.01
guest_2112,0.05
guest_2113,0.16
guest_2114,0.13
guest_2115,0.12
guest_2116,0.19
guest_2117,0.11
guest_2118,0.17
guest_2119,0.0
guest_2120,0.16
guest_2121,0.07
guest_2122,0.0
guest_2123,0.05
guest_2124,0.05
guest_2125,0.02
guest_2126,0.17
guest_2127,0.0
guest_2128,0.1
guest_2129,0.05
guest_2130,0.07
guest_2131,0.1
guest_2132,0.17
guest_2133,0.17
guest_2134,0.19
guest_2135,0.06
guest_2136,0.03
guest_2137,0.18
guest_2138,0.19
guest_2139,0.06
guest_2140,0.08
guest_2141,0.04
guest_2142,0.18
guest_2143,0.07
guest_2144,0.13
guest_2145,0.1
guest_2146,0.17
guest_2147,0.14
guest_2148,0.07
guest_2149,0.01
guest_2150,0.11
guest_2151,0.03
guest_2152,0.15
guest_2153,0.06
guest_2154,0.03
guest_2155,0.08
guest_2156,0.0
guest_2157,0.14
guest_2158,0.1
guest_2159,0.19
guest_2160,0.18
guest_2161,0.18
guest_2162,0.18
guest_2163,0.08
guest_2164,0.1
guest_2165,0.15
guest_2166,0.17
guest_2167,0.05
guest_2168,0.14
guest_2169,0.0
guest_2170,0.09
guest_2171,0.05
guest_2172,0.08
guest_2173,0.06
guest_2174,0.02
guest_2175,0.15
guest_2176,0.18
guest_2177,0.07
guest_2178,0.16
guest_2179,0.01
guest_2180,0.11
guest_2181,0.15
guest_2182,0.15
guest_2183,0.12
guest_2184,0.05
guest_2185,0.11
guest_2186,0.02
guest_2187,0.03
guest_2188,0.1
guest_2189,0.02
guest_2190,0.18
guest_2191,0.03
guest_2192,0.11
guest_2193,0.17
guest_2194,0.08
guest_2195,0.02
guest_2196,0.12
guest_2197,0.08
guest_2198,0.16
guest_2199,0.08
guest_2200,0.08
guest_2201,0.04
guest_2202,0.17
guest_2203,0.12
guest_2204,0.04
guest_2205,0.0
guest_2206,0.17
guest_2207,0.17
guest_2208,0.03
guest_2209,0.1
guest_2210,0.13
guest_2211,0.0
guest_2212,0.03
guest_2213,0.15
guest_2214,0.02
guest_2215,0.02
guest_2216,0.09
guest_2217,0.18
guest_2218,0.01
guest_2219,0.11
guest_2220,0.1
guest_2221,0.01
guest_2222,0.14
guest_2223,0.08
guest_2224,0.19
guest_2225,0.0
guest_2226,0.06
guest_2227,0.07
guest_2228,0.04
guest_2229,0.05
guest_2230,0.01
guest_2231,0.19
guest_2232,0.15
guest_2233,0.07
guest_2234,0.16
guest_2235,0.02
guest_2236,0.19
guest_2237,0.12
guest_2238,0.11
guest_2239,0.14
guest_2240,0.12
guest_2241,0.03
guest_2242,0.02
guest_2243,0.09
guest_2244,0.04
guest_2245,0.18
guest_2246,0.15
guest_2247,0.05
guest_2248,0.19
guest_2249,0.01
guest_2250,0.0
guest_2251,0.05
guest_2252,0.04
guest_2253,0.04
guest_2254,0.14
guest_2255,0.03
guest_2256,0.14
guest_2257,0.09
guest_2258,0.13
guest_2259,0.14
guest_2260,0.1
guest_2261,0.0
guest_2262,0.16
guest_2263,0.12
guest_2264,0.07
guest_2265,0.07
guest_2266,0.04
guest_2267,0.19
guest_2268,0.13
guest_2269,0.11
guest_2270,0.09
guest_2271,0.17
guest_2272,0.14
guest_2273,0.04
guest_2274,0.11
guest_2275,0.14
guest_2276,0.03
guest_2277,0.05
guest_2278,0.19
guest_2279,0.16
guest_2280,0.09
guest_2281,0.07
guest_2282,0.13
guest_2283,0.15
guest_2284,0.17
guest_2285,0.04
guest_2286,0.14
guest_2287,0.14
guest_2288,0.18
guest_2289,0.03
guest_2290,0.1
guest_2291,0.05
guest_2292,0.03
guest_2293,0.1
guest_2294,0.05
guest_2295,0.02
guest_2296,0.03
guest_2297,0.05
guest_2298,0.15
guest_2299,0.1
guest_2300,0.01
guest_2301,0.08
guest_2302,0.16
guest_2303,0.03
guest_2304,0.05
guest_2305,0.12
guest_2306,0.15
guest_2307,0.12
guest_2308,0.02
guest_2309,0.14
guest_2310,0.04
guest_2311,0.16
guest_2312,0.11
guest_2313,0.18
guest_2314,0.01
guest_2315,0.17
guest_2316,0.09
guest_2317,0.1
guest_2318,0.05
guest_2319,0.11
guest_2320,0.04
guest_2321,0.0
guest_2322,0.05
guest_2323,0.04
guest_2324,0.08
guest_2325,0.18
guest_2326,0.02
guest_2327,0.17
guest_2328,0.15
guest_2329,0.04
guest_2330,0.14
guest_2331,0.07
guest_2332,0.06
guest_2333,0.19
guest_2334,0.17
guest_2335,0.15
guest_2336,0.12
guest_2337,0.02
guest_2338,0.12
guest_2339,0.0
guest_2340,0.15
guest_2341,0.05
guest_2342,0.01
guest_2343,0.02
guest_2344,0.12
guest_2345,0.05
guest_2346,0.05
guest_2347,0.18
guest_2348,0.19
guest_2349,0.1
guest_2350,0.17
guest_2351,0.14
guest_2352,0.16
guest_2353,0.19
guest_2354,0.07
guest_2355,0.09
guest_2356,0.09
guest_2357,0.07
guest_2358,0.05
guest_2359,0.19
guest_2360,0.17
guest_2361,0.15
guest_2362,0.14
guest_2363,0.06
guest_2364,0.15
guest_2365,0.19
guest_2366,0.19
guest_2367,0.03
guest_2368,0.15
guest_2369,0.15
guest_2370,0.1
guest_2371,0.04
guest_2372,0.03
guest_2373,0.17
guest_2374,0.07
guest_2375,0.1
guest_2376,0.12
guest_2377,0.12
guest_2378,0.02
guest_2379,0.05
guest_2380,0.05
guest_2381,0.19
guest_2382,0.11
guest_2383,0.03
guest_2384,0.1
guest_2385,0.0
guest_2386,0.1
guest_2387,0.01
guest_2388,0.02
guest_2389,0.05
guest_2390,0.01
guest_2391,0.0
guest_2392,0.16
guest_2393,0.01
guest_2394,0.11
guest_2395,0.19
guest_2396,0.1
guest_2397,0.19
guest_2398,0.05
guest_2399,0.19
guest_2400,0.18
guest_2401,0.11
guest_2402,0.05
guest_2403,0.13
guest_2404,0.08
guest_2405,0.02
guest_2406,0.14
guest_2407,0.04
guest_2408,0.07
guest_2409,0.15
guest_2410,0.06
guest_2411,0.17
guest_2412,0.0
guest_2413,0.17
guest_2414,0.12
guest_2415,0.17
guest_2416,0.14
guest_2417,0.02
guest_2418,0.01
guest_2419,0.15
guest_2420,0.02
guest_2421,0.1
guest_2422,0.04
guest_2423,0.06
guest_2424,0.03
guest_2425,0.0
guest_2426,0.13
guest_2427,0.12
guest_2428,0.02
guest_2429,0.0
guest_2430,0.02
guest_2431,0.1
guest_2432,0.09
guest_2433,0.13
guest_2434,0.06
guest_2435,0.03
guest_2436,0.11
guest_2437,0.02
guest_2438,0.15
guest_2439,0.01
guest_2440,0.11
guest_2441,0.0
guest_2442,0.04
guest_2443,0.18
guest_2444,0.15
guest_2445,0.19
guest_2446,0.11
guest_2447,0.02
guest_2448,0.04
guest_2449,0.13
guest_2450,0.19
guest_2451,0.09
guest_2452,0.06
guest_2453,0.19
guest_2454,0.11
guest_2455,0.08
guest_2456,0.19
guest_2457,0.02
guest_2458,0.07
guest_2459,0.03
guest_2460,0.0
guest_2461,0.02
guest_2462,0.17
guest_2463,0.13
guest_2464,0.14
guest_2465,0.03
guest_2466,0.13
guest_2467,0.1
guest_2468,0.19
guest_2469,0.04
guest_2470,0.08
guest_2471,0.07
guest_2472,0.02
guest_2473,0.15
guest_2474,0.16
guest_2475,0.01
guest_2476,0.02
guest_2477,0.04
guest_2478,0.16
guest_2479,0.15
guest_2480,0.04
guest_2481,0.02
guest_2482,0.11
guest_2483,0.19
guest_2484,0.15
guest_2485,0.16
guest_2486,0.12
guest_2487,0.18
guest_2488,0.0
guest_2489,0.12
guest_2490,0.03
guest_2491,0.07
guest_2492,0.07
guest_2493,0.02
guest_2494,0.13
guest_2495,0.14
guest_2496,0.08
guest_2497,0.06
guest_2498,0.16
guest_2499,0.02
guest_2500,0.07
guest_2501,0.11
guest_2502,0.18
guest_2503,0.11
guest_2504,0.06
guest_2505,0.09
guest_2506,0.09
guest_2507,0.17
guest_2508,0.11
guest_2509,0.09
guest_2510,0.0
guest_2511,0.16
guest_2512,0.03
guest_2513,0.07
guest_2514,0.18
guest_2515,0.19
guest_2516,0.15
guest_2517,0.14
guest_2518,0.08
guest_2519,0.0
guest_2520,0.1
guest_2521,0.04
guest_2522,0.15
guest_2523,0.02
guest_2524,0.18
guest_2525,0.13
guest_2526,0.17
guest_2527,0.01
guest_2528,0.19
guest_2529,0.15
guest_2530,0.18
guest_2531,0.06
guest_2532,0.02
guest_2533,0.17
guest_2534,0.03
guest_2535,0.11
guest_2536,0.17
guest_2537,0.1
guest_2538,0.05
guest_2539,0.03
guest_2540,0.1
guest_2541,0.02
guest_2542,0.09
guest_2543,0.02
guest_2544,0.13
guest_2545,0.13
guest_2546,0.03
guest_2547,0.1
guest_2548,0.07
guest_2549,0.18
guest_2550,0.02
guest_2551,0.05
guest_2552,0.0
guest_2553,0.14
guest_2554,0.04
guest_2555,0.15
guest_2556,0.15
guest_2557,0.12
guest_2558,0.1
guest_2559,0.01
guest_2560,0.06
guest_2561,0.11
guest_2562,0.1
guest_2563,0.05
guest_2564,0.18
guest_2565,0.17
guest_2566,0.01
guest_2567,0.01
guest_2568,0.02
guest_2569,0.04
guest_2570,0.04
guest_2571,0.14
guest_2572,0.08
guest_2573,0.18
guest_2574,0.18
guest_2575,0.19
guest_2576,0.01
guest_2577,0.16
guest_2578,0.05
guest_2579,0.13
guest_2580,0.01
guest_2581,0.17
guest_2582,0.15
guest_2583,0.19
guest_2584,0.09
guest_2585,0.18
guest_2586,0.08
guest_2587,0.18
guest_2588,0.03
guest_2589,0.18
guest_2590,0.06
guest_2591,0.14
guest_2592,0.05
guest_2593,0.18
guest_2594,0.15
guest_2595,0.0
guest_2596,0.0
guest_2597,0.15
guest_2598,0.17
guest_2599,0.01
guest_2600,0.06
guest_2601,0.1
guest_2602,0.06
guest_2603,0.1
guest_2604,0.02
guest_2605,0.18
guest_2606,0.06
guest_2607,0.17
guest_2608,0.08
guest_2609,0.03
guest_2610,0.17
guest_2611,0.08
guest_2612,0.1
guest_2613,0.07
guest_2614,0.06
guest_2615,0.06
guest_2616,0.15
guest_2617,0.13
guest_2618,0.17
guest_2619,0.18
guest_2620,0.09
guest_2621,0.1
guest_2622,0.09
guest_2623,0.1
guest_2624,0.06
guest_2625,0.0
guest_2626,0.04
guest_2627,0.15
guest_2628,0.12
guest_2629,0.08
guest_2630,0.05
guest_2631,0.0
guest_2632,0.13
guest_2633,0.19
guest_2634,0.11
guest_2635,0.0
guest_2636,0.05
guest_2637,0.0
guest_2638,0.11
guest_2639,0.09
guest_2640,0.1
guest_2641,0.18
guest_2642,0.08
guest_2643,0.03
guest_2644,0.11
guest_2645,0.11
guest_2646,0.12
guest_2647,0.19
guest_2648,0.11
guest_2649,0.17
guest_2650,0.01
guest_2651,0.14
guest_2652,0.11
guest_2653,0.16
guest_2654,0.07
guest_2655,0.13
guest_2656,0.15
guest_2657,0.1
guest_2658,0.12
guest_2659,0.08
guest_2660,0.15
guest_2661,0.08
guest_2662,0.13
guest_2663,0.11
guest_2664,0.0
guest_2665,0.03
guest_2666,0.09
guest_2667,0.1
guest_2668,0.12
guest_2669,0.0
guest_2670,0.03
guest_2671,0.02
guest_2672,0.05
guest_2673,0.09
guest_2674,0.05
guest_2675,0.0
guest_2676,0.09
guest_2677,0.14
guest_2678,0.0
guest_2679,0.02
guest_2680,0.14
guest_2681,0.05
guest_2682,0.03
guest_2683,0.11
guest_2684,0.19
guest_2685,0.04
guest_2686,0.15
guest_2687,0.14
guest_2688,0.19
guest_2689,0.04
guest_2690,0.13
guest_2691,0.13
guest_2692,0.11
guest_2693,0.13
guest_2694,0.17
guest_2695,0.02
guest_2696,0.07
guest_2697,0.17
guest_2698,0.09
guest_2699,0.01
guest_2700,0.13
guest_2701,0.15
guest_2702,0.14
guest_2703,0.08
guest_2704,0.04
guest_2705,0.14
guest_2706,0.02
guest_2707,0.14
guest_2708,0.02
guest_2709,0.0
guest_2710,0.0
guest_2711,0.08
guest_2712,0.14
guest_2713,0.0
guest_2714,0.08
guest_2715,0.03
guest_2716,0.15
guest_2717,0.13
guest_2718,0.08
guest_2719,0.11
guest_2720,0.03
guest_2721,0.17
guest_2722,0.11
guest_2723,0.18
guest_2724,0.12
guest_2725,0.13
guest_2726,0.14
guest_2727,0.08
guest_2728,0.05
guest_2729,0.01
guest_2730,0.16
guest_2731,0.01
guest_2732,0.06
guest_2733,0.03
guest_2734,0.19
guest_2735,0.03
guest_2736,0.07
guest_2737,0.11
guest_2738,0.08
guest_2739,0.19
guest_2740,0.17
guest_2741,0.12
guest_2742,0.15
guest_2743,0.11
guest_2744,0.12
guest_2745,0.07
guest_2746,0.05
guest_2747,0.08
guest_2748,0.09
guest_2749,0.14
guest_2750,0.03
guest_2751,0.12
guest_2752,0.12
guest_2753,0.05
guest_2754,0.14
guest_2755,0.07
guest_2756,0.0
guest_2757,0.05
guest_2758,0.03
guest_2759,0.19
guest_2760,0.09
guest_2761,0.16
guest_2762,0.18
guest_2763,0.02
guest_2764,0.02
guest_2765,0.02
guest_2766,0.08
guest_2767,0.16
guest_2768,0.03
guest_2769,0.02
guest_2770,0.08
guest_2771,0.09
guest_2772,0.18
guest_2773,0.12
guest_2774,0.19
guest_2775,0.07
guest_2776,0.17
guest_2777,0.05
guest_2778,0.11
guest_2779,0.04
guest_2780,0.0
guest_2781,0.01
guest_2782,0.11
guest_2783,0.02
guest_2784,0.06
guest_2785,0.06
guest_2786,0.05
guest_2787,0.19
guest_2788,0.01
guest_2789,0.03
guest_2790,0.04
guest_2791,0.08
guest_2792,0.01
guest_2793,0.0
guest_2794,0.16
guest_2795,0.16
guest_2796,0.13
guest_2797,0.19
guest_2798,0.15
guest_2799,0.04
guest_2800,0.12
guest_2801,0.02
guest_2802,0.1
guest_2803,0.08
guest_2804,0.1
guest_2805,0.1
guest_2806,0.15
guest_2807,0.09
guest_2808,0.13
guest_2809,0.06
guest_2810,0.05
guest_2811,0.03
guest_2812,0.16
guest_2813,0.13
guest_2814,0.19
guest_2815,0.09
guest_2816,0.18
guest_2817,0.06
guest_2818,0.17
guest_2819,0.07
guest_2820,0.04
guest_2821,0.16
guest_2822,0.07
guest_2823,0.15
guest_2824,0.06
guest_2825,0.16
guest_2826,0.0
guest_2827,0.13
guest_2828,0.07
guest_2829,0.12
guest_2830,0.14
guest_2831,0.01
guest_2832,0.19
guest_2833,0.09
guest_2834,0.06
guest_2835,0.09
guest_2836,0.1
guest_2837,0.07
guest_2838,0.1
guest_2839,0.14
guest_2840,0.1
guest_2841,0.13
guest_2842,0.08
guest_2843,0.09
guest_2844,0.08
guest_2845,0.19
guest_2846,0.19
guest_2847,0.15
guest_2848,0.0
guest_2849,0.11
guest_2850,0.01
guest_2851,0.04
guest_2852,0.13
guest_2853,0.13
guest_2854,0.12
guest_2855,0.19
guest_2856,0.0
guest_2857,0.01
guest_2858,0.16
guest_2859,0.14
guest_2860,0.11
guest_2861,0.18
guest_2862,0.16
guest_2863,0.06
guest_2864,0.02
guest_2865,0.05
guest_2866,0.13
guest_2867,0.06
guest_2868,0.12
guest_2869,0.16
guest_2870,0.09
guest_2871,0.18
guest_2872,0.01
guest_2873,0.01
guest_2874,0.05
guest_2875,0.13
guest_2876,0.18
guest_2877,0.08
guest_2878,0.08
guest_2879,0.02
guest_2880,0.04
guest_2881,0.16
guest_2882,0.16
guest_2883,0.12
guest_2884,0.04
guest_2885,0.19
guest_2886,0.14
guest_2887,0.11
guest_2888,0.09
guest_2889,0.04
guest_2890,0.19
guest_2891,0.14
guest_2892,0.12
guest_2893,0.13
guest_2894,0.17
guest_2895,0.0
guest_2896,0.18
guest_2897,0.14
guest_2898,0.17
guest_2899,0.15
guest_2900,0.13
guest_2901,0.19
guest_2902,0.07
guest_2903,0.15
guest_2904,0.14
guest_2905,0.12
guest_2906,0.08
guest_2907,0.13
guest_2908,0.16
guest_2909,0.16
guest_2910,0.12
guest_2911,0.19
guest_2912,0.16
guest_2913,0.05
guest_2914,0.11
guest_2915,0.12
guest_2916,0.13
guest_2917,0.0
guest_2918,0.09
guest_2919,0.19
guest_2920,0.05
guest_2921,0.15
guest_2922,0.07
guest_2923,0.05
guest_2924,0.13
guest_2925,0.15
guest_2926,0.01
guest_2927,0.08
guest_2928,0.11
guest_2929,0.13
guest_2930,0.0
guest_2931,0.02
guest_2932,0.09
guest_2933,0.0
guest_2934,0.06
guest_2935,0.18
guest_2936,0.16
guest_2937,0.14
guest_2938,0.01
guest_2939,0.18
guest_2940,0.03
guest_2941,0.05
guest_2942,0.15
guest_2943,0.0
guest_2944,0.16
guest_2945,0.08
guest_2946,0.05
guest_2947,0.12
guest_2948,0.13
guest_2949,0.15
guest_2950,0.03
guest_2951,0.06
guest_2952,0.07
guest_2953,0.18
guest_2954,0.02
guest_2955,0.03
guest_2956,0.09
guest_2957,0.08
guest_2958,0.0
guest_2959,0.08
guest_2960,0.02
guest_2961,0.06
guest_2962,0.02
guest_2963,0.07
guest_2964,0.06
guest_2965,0.01
guest_2966,0.16
guest_2967,0.02
guest_2968,0.04
guest_2969,0.15
guest_2970,0.14
guest_2971,0.17
guest_2972,0.08
guest_2973,0.0
guest_2974,0.17
guest_2975,0.08
guest_2976,0.06
guest_2977,0.12
guest_2978,0.03
guest_2979,0.06
guest_2980,0.08
guest_2981,0.02
guest_2982,0.06
guest_2983,0.16
guest_2984,0.13
guest_2985,0.11
guest_2986,0.0
guest_2987,0.05
guest_2988,0.08
guest_2989,0.07
guest_2990,0.12
guest_2991,0.08
guest_2992,0.04
guest_2993,0.08
guest_2994,0.1
guest_2995,0.13
guest_2996,0.1
guest_2997,0.09
guest_2998,0.18
guest_2999,0.07
guest_3000,0.13
guest_3001,0.07
guest_3002,0.16
guest_3003,0.17
guest_3004,0.14
guest_3005,0.0
guest_3006,0.12
guest_3007,0.12
guest_3008,0.05
guest_3009,0.17
guest_3010,0.07
guest_3011,0.08
guest_3012,0.13
guest_3013,0.04
guest_3014,0.15
guest_3015,0.12
guest_3016,0.02
guest_3017,0.12
guest_3018,0.09
guest_3019,0.13
guest_3020,0.0
guest_3021,0.09
guest_3022,0.09
guest_3023,0.02
guest_3024,0.0
guest_3025,0.18
guest_3026,0.06
guest_3027,0.12
guest_3028,0.14
guest_3029,0.15
guest_3030,0.04
guest_3031,0.0
guest_3032,0.15
guest_3033,0.18
guest_3034,0.17
guest_3035,0.08
guest_3036,0.07
guest_3037,0.15
guest_3038,0.1
guest_3039,0.02
guest_3040,0.19
guest_3041,0.15
guest_3042,0.01
guest_3043,0.17
guest_3044,0.0
guest_3045,0.12
guest_3046,0.18
guest_3047,0.1
guest_3048,0.09
guest_3049,0.05
guest_3050,0.06
guest_3051,0.02
guest_3052,0.12
guest_3053,0.13
guest_3054,0.12
guest_3055,0.14
guest_3056,0.01
guest_3057,0.18
guest_3058,0.06
guest_3059,0.13
guest_3060,0.06
guest_3061,0.0
guest_3062,0.01
guest_3063,0.09
guest_3064,0.02
guest_3065,0.18
guest_3066,0.18
guest_3067,0.03
guest_3068,0.05
guest_3069,0.01
guest_3070,0.02
guest_3071,0.15
guest_3072,0.1
guest_3073,0.1
guest_3074,0.02
guest_3075,0.14
guest_3076,0.12
guest_3077,0.11
guest_3078,0.12
guest_3079,0.15
guest_3080,0.18
guest_3081,0.16
guest_3082,0.12
guest_3083,0.12
guest_3084,0.03
guest_3085,0.19
guest_3086,0.13
guest_3087,0.09
guest_3088,0.05
guest_3089,0.01
guest_3090,0.12
guest_3091,0.06
guest_3092,0.19
guest_3093,0.19
guest_3094,0.09
guest_3095,0.1
guest_3096,0.01
guest_3097,0.0
guest_3098,0.13
guest_3099,0.18
guest_3100,0.12
guest_3101,0.18
guest_3102,0.17
guest_3103,0.02
guest_3104,0.13
guest_3105,0.19
guest_3106,0.08
guest_3107,0.08
guest_3108,0.05
guest_3109,0.14
guest_3110,0.15
guest_3111,0.02
guest_3112,0.13
guest_3113,0.05
guest_3114,0.05
guest_3115,0.05
guest_3116,0.05
guest_3117,0.03
guest_3118,0.05
guest_3119,0.09
guest_3120,0.11
guest_3121,0.05
guest_3122,0.1
guest_3123,0.12
guest_3124,0.14
guest_3125,0.18
guest_3126,0.14
guest_3127,0.14
guest_3128,0.15
guest_3129,0.03
guest_3130,0.12
guest_3131,0.18
guest_3132,0.18
guest_3133,0.12
guest_3134,0.02
guest_3135,0.02
guest_3136,0.08
guest_3137,0.01
guest_3138,0.05
guest_3139,0.14
guest_3140,0.16
guest_3141,0.0
guest_3142,0.03
guest_3143,0.12
guest_3144,0.11
guest_3145,0.06
guest_3146,0.11
guest_3147,0.02
guest_3148,0.17
guest_3149,0.04
guest_3150,0.05
guest_3151,0.02
guest_3152,0.11
guest_3153,0.07
guest_3154,0.07
guest_3155,0.04
guest_3156,0.11
guest_3157,0.04
guest_3158,0.01
guest_3159,0.01
guest_3160,0.12
guest_3161,0.06
guest_3162,0.03
guest_3163,0.13
guest_3164,0.1
guest_3165,0.07
guest_3166,0.05
guest_3167,0.18
guest_3168,0.03
guest_3169,0.17
guest_3170,0.05
guest_3171,0.15
guest_3172,0.0
guest_3173,0.14
guest_3174,0.03
guest_3175,0.11
guest_3176,0.08
guest_3177,0.01
guest_3178,0.04
guest_3179,0.15
guest_3180,0.17
guest_3181,0.06
guest_3182,0.07
guest_3183,0.16
guest_3184,0.12
guest_3185,0.05
guest_3186,0.16
guest_3187,0.16
guest_3188,0.05
guest_3189,0.1
guest_3190,0.15
guest_3191,0.08
guest_3192,0.08
guest_3193,0.03
guest_3194,0.1
guest_3195,0.03
guest_3196,0.04
guest_3197,0.11
guest_3198,0.12
guest_3199,0.19
guest_3200,0.02
guest_3201,0.08
guest_3202,0.0
guest_3203,0.11
guest_3204,0.16
guest_3205,0.18
guest_3206,0.08
guest_3207,0.07
guest_3208,0.19
guest_3209,0.07
guest_3210,0.04
guest_3211,0.19
guest_3212,0.09
guest_3213,0.16
guest_3214,0.14
guest_3215,0.1
guest_3216,0.12
guest_3217,0.04
guest_3218,0.04
guest_3219,0.07
guest_3220,0.18
guest_3221,0.17
guest_3222,0.18
guest_3223,0.13
guest_3224,0.02
guest_3225,0.1
guest_3226,0.16
guest_3227,0.02
guest_3228,0.13
guest_3229,0.07
guest_3230,0.11
guest_3231,0.02
guest_3232,0.19
guest_3233,0.14
guest_3234,0.09
guest_3235,0.11
guest_3236,0.02
guest_3237,0.17
guest_3238,0.17
guest_3239,0.01
guest_3240,0.18
guest_3241,0.18
guest_3242,0.0
guest_3243,0.06
guest_3244,0.06
guest_3245,0.19
guest_3246,0.11
guest_3247,0.05
guest_3248,0.16
guest_3249,0.01
guest_3250,0.15
guest_3251,0.17
guest_3252,0.12
guest_3253,0.02
guest_3254,0.06
guest_3255,0.05
guest_3256,0.17
guest_3257,0.03
guest_3258,0.01
guest_3259,0.18
guest_3260,0.06
guest_3261,0.17
guest_3262,0.11
guest_3263,0.17
guest_3264,0.1
guest_3265,0.12
guest_3266,0.02
guest_3267,0.1
guest_3268,0.13
guest_3269,0.07
guest_3270,0.08
guest_3271,0.14
guest_3272,0.04
guest_3273,0.08
guest_3274,0.09
guest_3275,0.0
guest_3276,0.16
guest_3277,0.11
guest_3278,0.08
guest_3279,0.12
guest_3280,0.0
guest_3281,0.02
guest_3282,0.19
guest_3283,0.11
guest_3284,0.19
guest_3285,0.18
guest_3286,0.11
guest_3287,0.14
guest_3288,0.05
guest_3289,0.18
guest_3290,0.11
guest_3291,0.06
guest_3292,0.14
guest_3293,0.15
guest_3294,0.12
guest_3295,0.0
guest_3296,0.11
guest_3297,0.04
guest_3298,0.13
guest_3299,0.1
guest_3300,0.03
guest_3301,0.12
guest_3302,0.01
guest_3303,0.1
guest_3304,0.08
guest_3305,0.17
guest_3306,0.12
guest_3307,0.17
guest_3308,0.02
guest_3309,0.09
guest_3310,0.02
guest_3311,0.07
guest_3312,0.16
guest_3313,0.06
guest_3314,0.03
guest_3315,0.05
guest_3316,0.01
guest_3317,0.15
guest_3318,0.04
guest_3319,0.0
guest_3320,0.07
guest_3321,0.01
guest_3322,0.17
guest_3323,0.16
guest_3324,0.0
guest_3325,0.05
guest_3326,0.05
guest_3327,0.05
guest_3328,0.13
guest_3329,0.1
guest_3330,0.0
guest_3331,0.18
guest_3332,0.0
guest_3333,0.12
guest_3334,0.07
guest_3335,0.17
guest_3336,0.11
guest_3337,0.05
guest_3338,0.09
guest_3339,0.19
guest_3340,0.17
guest_3341,0.02
guest_3342,0.06
guest_3343,0.01
guest_3344,0.15
guest_3345,0.02
guest_3346,0.07
guest_3347,0.17
guest_3348,0.03
guest_3349,0.04
guest_3350,0.04
guest_3351,0.08
guest_3352,0.17
guest_3353,0.05
guest_3354,0.04
guest_3355,0.15
guest_3356,0.12
guest_3357,0.03
guest_3358,0.07
guest_3359,0.11
guest_3360,0.19
guest_3361,0.1
guest_3362,0.02
guest_3363,0.02
guest_3364,0.1
guest_3365,0.19
guest_3366,0.12
guest_3367,0.19
guest_3368,0.03
guest_3369,0.17
guest_3370,0.06
guest_3371,0.05
guest_3372,0.05
guest_3373,0.05
guest_3374,0.05
guest_3375,0.08
guest_3376,0.16
guest_3377,0.07
guest_3378,0.08
guest_3379,0.16
guest_3380,0.11
guest_3381,0.19
guest_3382,0.05
guest_3383,0.15
guest_3384,0.13
guest_3385,0.15
guest_3386,0.05
guest_3387,0.14
guest_3388,0.16
guest_3389,0.08
guest_3390,0.11
guest_3391,0.06
guest_3392,0.07
guest_3393,0.17
guest_3394,0.03
guest_3395,0.18
guest_3396,0.12
guest_3397,0.1
guest_3398,0.1
guest_3399,0.09
guest_3400,0.08
guest_3401,0.16
guest_3402,0.07
guest_3403,0.11
guest_3404,0.07
guest_3405,0.06
guest_3406,0.02
guest_3407,0.14
guest_3408,0.0
guest_3409,0.16
guest_3410,0.05
guest_3411,0.12
guest_3412,0.05
guest_3413,0.12
guest_3414,0.19
guest_3415,0.03
guest_3416,0.1
guest_3417,0.19
guest_3418,0.02
guest_3419,0.0
guest_3420,0.11
guest_3421,0.01
guest_3422,0.13
guest_3423,0.07
guest_3424,0.07
guest_3425,0.03
guest_3426,0.0
guest_3427,0.06
guest_3428,0.02
guest_3429,0.08
guest_3430,0.08
guest_3431,0.18
guest_3432,0.16
guest_3433,0.18
guest_3434,0.01
guest_3435,0.02
guest_3436,0.18
guest_3437,0.1
guest_3438,0.04
guest_3439,0.17
guest_3440,0.15
guest_3441,0.07
guest_3442,0.03
guest_3443,0.01
guest_3444,0.15
guest_3445,0.11
guest_3446,0.17
guest_3447,0.16
guest_3448,0.19
guest_3449,0.19
guest_3450,0.16
guest_3451,0.1
guest_3452,0.01
guest_3453,0.18
guest_3454,0.0
guest_3455,0.16
guest_3456,0.08
guest_3457,0.12
guest_3458,0.16
guest_3459,0.14
guest_3460,0.03
guest_3461,0.09
guest_3462,0.01
guest_3463,0.06
guest_3464,0.0
guest_3465,0.15
guest_3466,0.18
guest_3467,0.17
guest_3468,0.04
guest_3469,0.05
guest_3470,0.0
guest_3471,0.16
guest_3472,0.1
guest_3473,0.15
guest_3474,0.02
guest_3475,0.05
guest_3476,0.0
guest_3477,0.11
guest_3478,0.16
guest_3479,0.05
guest_3480,0.08
guest_3481,0.04
guest_3482,0.04
guest_3483,0.14
guest_3484,0.17
guest_3485,0.19
guest_3486,0.17
guest_3487,0.16
guest_3488,0.07
guest_3489,0.15
guest_3490,0.01
guest_3491,0.05
guest_3492,0.14
guest_3493,0.09
guest_3494,0.1
guest_3495,0.13
guest_3496,0.02
guest_3497,0.09
guest_3498,0.12
guest_3499,0.19
guest_3500,0.05
guest_3501,0.13
guest_3502,0.12
guest_3503,0.1
guest_3504,0.03
guest_3505,0.18
guest_3506,0.15
guest_3507,0.02
guest_3508,0.0
guest_3509,0.19
guest_3510,0.09
guest_3511,0.03
guest_3512,0.08
guest_3513,0.18
guest_3514,0.09
guest_3515,0.14
guest_3516,0.14
guest_3517,0.02
guest_3518,0.03
guest_3519,0.05
guest_3520,0.15
guest_3521,0.15
guest_3522,0.15
guest_3523,0.14
guest_3524,0.06
guest_3525,0.05
guest_3526,0.15
guest_3527,0.16
guest_3528,0.04
guest_3529,0.12
guest_3530,0.09
guest_3531,0.15
guest_3532,0.1
guest_3533,0.0
guest_3534,0.08
guest_3535,0.11
guest_3536,0.02
guest_3537,0.13
guest_3538,0.03
guest_3539,0.14
guest_3540,0.12
guest_3541,0.03
guest_3542,0.15
guest_3543,0.1
guest_3544,0.08
guest_3545,0.16
guest_3546,0.12
guest_3547,0.15
guest_3548,0.13
guest_3549,0.19
guest_3550,0.11
guest_3551,0.18
guest_3552,0.17
guest_3553,0.15
guest_3554,0.0
guest_3555,0.14
guest_3556,0.12
guest_3557,0.17
guest_3558,0.14
guest_3559,0.09
guest_3560,0.02
guest_3561,0.0
guest_3562,0.11
guest_3563,0.04
guest_3564,0.1
guest_3565,0.18
guest_3566,0.03
guest_3567,0.1
guest_3568,0.12
guest_3569,0.12
guest_3570,0.19
guest_3571,0.08
guest_3572,0.16
guest_3573,0.08
guest_3574,0.06
guest_3575,0.02
guest_3576,0.13
guest_3577,0.04
guest_3578,0.01
guest_3579,0.19
guest_3580,0.09
guest_3581,0.09
guest_3582,0.12
guest_3583,0.04
guest_3584,0.14
guest_3585,0.02
guest_3586,0.01
guest_3587,0.0
guest_3588,0.19
guest_3589,0.0
guest_3590,0.02
guest_3591,0.01
guest_3592,0.14
guest_3593,0.16
guest_3594,0.02
guest_3595,0.05
guest_3596,0.14
guest_3597,0.07
guest_3598,0.13
guest_3599,0.06
guest_3600,0.02
guest_3601,0.11
guest_3602,0.08
guest_3603,0.09
guest_3604,0.0
guest_3605,0.0
guest_3606,0.12
guest_3607,0.16
guest_3608,0.15
guest_3609,0.08
guest_3610,0.08
guest_3611,0.11
guest_3612,0.1
guest_3613,0.05
guest_3614,0.13
guest_3615,0.14
guest_3616,0.02
guest_3617,0.03
guest_3618,0.16
guest_3619,0.03
guest_3620,0.01
guest_3621,0.13
guest_3622,0.07
guest_3623,0.12
guest_3624,0.13
guest_3625,0.16
guest_3626,0.16
guest_3627,0.19
guest_3628,0.18
guest_3629,0.09
guest_3630,0.16
guest_3631,0.11
guest_3632,0.12
guest_3633,0.18
guest_3634,0.07
guest_3635,0.19
guest_3636,0.03
guest_3637,0.14
guest_3638,0.02
guest_3639,0.03
guest_3640,0.16
guest_3641,0.13
guest_3642,0.07
guest_3643,0.06
guest_3644,0.01
guest_3645,0.03
guest_3646,0.07
guest_3647,0.07
guest_3648,0.01
guest_3649,0.12
guest_3650,0.11
guest_3651,0.09
guest_3652,0.19
guest_3653,0.13
guest_3654,0.14
guest_3655,0.01
guest_3656,0.17
guest_3657,0.1
guest_3658,0.08
guest_3659,0.07
guest_3660,0.14
guest_3661,0.14
guest_3662,0.16
guest_3663,0.13
guest_3664,0.17
guest_3665,0.15
guest_3666,0.01
guest_3667,0.11
guest_3668,0.0
guest_3669,0.16
guest_3670,0.19
guest_3671,0.07
guest_3672,0.19
guest_3673,0.19
guest_3674,0.13
guest_3675,0.03
guest_3676,0.03
guest_3677,0.19
guest_3678,0.17
guest_3679,0.12
guest_3680,0.03
guest_3681,0.17
guest_3682,0.04
guest_3683,0.05
guest_3684,0.1
guest_3685,0.09
guest_3686,0.14
guest_3687,0.11
guest_3688,0.01
guest_3689,0.0
guest_3690,0.15
guest_3691,0.15
guest_3692,0.13
guest_3693,0.06
guest_3694,0.17
guest_3695,0.15
guest_3696,0.13
guest_3697,0.04
guest_3698,0.06
guest_3699,0.08
guest_3700,0.01
guest_3701,0.11
guest_3702,0.12
guest_3703,0.04
guest_3704,0.02
guest_3705,0.19
guest_3706,0.13
guest_3707,0.14
guest_3708,0.04
guest_3709,0.13
guest_3710,0.03
guest_3711,0.15
guest_3712,0.13
guest_3713,0.18
guest_3714,0.01
guest_3715,0.01
guest_3716,0.1
guest_3717,0.01
guest_3718,0.11
guest_3719,0.02
guest_3720,0.08
guest_3721,0.04
guest_3722,0.04
guest_3723,0.0
guest_3724,0.12
guest_3725,0.18
guest_3726,0.14
guest_3727,0.16
guest_3728,0.13
guest_3729,0.01
guest_3730,0.01
guest_3731,0.12
guest_3732,0.1
guest_3733,0.01
guest_3734,0.04
guest_3735,0.06
guest_3736,0.09
guest_3737,0.07
guest_3738,0.09
guest_3739,0.04
guest_3740,0.03
guest_3741,0.06
guest_3742,0.0
guest_3743,0.16
guest_3744,0.19
guest_3745,0.17
guest_3746,0.03
guest_3747,0.17
guest_3748,0.01
guest_3749,0.14
guest_3750,0.01
guest_3751,0.06
guest_3752,0.0
guest_3753,0.01
guest_3754,0.14
guest_3755,0.14
guest_3756,0.19
guest_3757,0.17
guest_3758,0.13
guest_3759,0.05
guest_3760,0.04
guest_3761,0.07
guest_3762,0.06
guest_3763,0.04
guest_3764,0.17
guest_3765,0.07
guest_3766,0.14
guest_3767,0.11
guest_3768,0.12
guest_3769,0.11
guest_3770,0.06
guest_3771,0.02
guest_3772,0.04
guest_3773,0.01
guest_3774,0.17
guest_3775,0.05
guest_3776,0.0
guest_3777,0.06
guest_3778,0.15
guest_3779,0.11
guest_3780,0.16
guest_3781,0.07
guest_3782,0.06
guest_3783,0.02
guest_3784,0.0
guest_3785,0.04
guest_3786,0.16
guest_3787,0.03
guest_3788,0.16
guest_3789,0.19
guest_3790,0.0
guest_3791,0.1
guest_3792,0.07
guest_3793,0.07
guest_3794,0.11
guest_3795,0.18
guest_3796,0.06
guest_3797,0.18
guest_3798,0.16
guest_3799,0.05
guest_3800,0.09
guest_3801,0.1
guest_3802,0.06
guest_3803,0.17
guest_3804,0.06
guest_3805,0.1
guest_3806,0.04
guest_3807,0.01
guest_3808,0.0
guest_3809,0.03
guest_3810,0.05
guest_3811,0.13
guest_3812,0.11
guest_3813,0.12
guest_3814,0.16
guest_3815,0.02
guest_3816,0.15
guest_3817,0.11
guest_3818,0.13
guest_3819,0.05
guest_3820,0.01
guest_3821,0.07
guest_3822,0.02
guest_3823,0.0
guest_3824,0.05
guest_3825,0.07
guest_3826,0.18
guest_3827,0.0
guest_3828,0.01
guest_3829,0.17
guest_3830,0.16
guest_3831,0.19
guest_3832,0.14
guest_3833,0.18
guest_3834,0.11
guest_3835,0.13
guest_3836,0.01
guest_3837,0.12
guest_3838,0.05
guest_3839,0.07
guest_3840,0.04
guest_3841,0.11
guest_3842,0.13
guest_3843,0.07
guest_3844,0.03
guest_3845,0.18
guest_3846,0.06
guest_3847,0.08
guest_3848,0.03
guest_3849,0.16
guest_3850,0.07
guest_3851,0.19
guest_3852,0.16
guest_3853,0.17
guest_3854,0.15
guest_3855,0.03
guest_3856,0.11
guest_3857,0.03
guest_3858,0.09
guest_3859,0.1
guest_3860,0.14
guest_3861,0.1
guest_3862,0.16
guest_3863,0.17
guest_3864,0.12
guest_3865,0.01
guest_3866,0.04
guest_3867,0.1
guest_3868,0.08
guest_3869,0.13
guest_3870,0.19
guest_3871,0.18
guest_3872,0.16
guest_3873,0.11
guest_3874,0.13
guest_3875,0.05
guest_3876,0.02
guest_3877,0.01
guest_3878,0.08
guest_3879,0.16
guest_3880,0.1
guest_3881,0.03
guest_3882,0.06
guest_3883,0.0
guest_3884,0.14
guest_3885,0.02
guest_3886,0.08
guest_3887,0.14
guest_3888,0.08
guest_3889,0.11
guest_3890,0.05
guest_3891,0.1
guest_3892,0.09
guest_3893,0.16
guest_3894,0.12
guest_3895,0.02
guest_3896,0.03
guest_3897,0.01
guest_3898,0.0
guest_3899,0.08
guest_3900,0.08
guest_3901,0.15
guest_3902,0.02
guest_3903,0.08
guest_3904,0.0
guest_3905,0.14
guest_3906,0.14
guest_3907,0.02
guest_3908,0.12
guest_3909,0.05
guest_3910,0.07
guest_3911,0.08
guest_3912,0.15
guest_3913,0.17
guest_3914,0.14
guest_3915,0.16
guest_3916,0.13
guest_3917,0.12
guest_3918,0.1
guest_3919,0.0
guest_3920,0.08
guest_3921,0.14
guest_3922,0.1
guest_3923,0.19
guest_3924,0.17
guest_3925,0.12
guest_3926,0.04
guest_3927,0.14
guest_3928,0.03
guest_3929,0.11
guest_3930,0.01
guest_3931,0.1
guest_3932,0.09
guest_3933,0.15
guest_3934,0.16
guest_3935,0.1
guest_3936,0.17
guest_3937,0.04
guest_3938,0.11
guest_3939,0.04
guest_3940,0.02
guest_3941,0.13
guest_3942,0.08
guest_3943,0.13
guest_3944,0.17
guest_3945,0.15
guest_3946,0.13
guest_3947,0.14
guest_3948,0.18
guest_3949,0.02
guest_3950,0.14
guest_3951,0.13
guest_3952,0.02
guest_3953,0.18
guest_3954,0.07
guest_3955,0.15
guest_3956,0.11
guest_3957,0.08
guest_3958,0.12
guest_3959,0.06
guest_3960,0.02
guest_3961,0.08
guest_3962,0.06
guest_3963,0.09
guest_3964,0.01
guest_3965,0.14
guest_3966,0.13
guest_3967,0.14
guest_3968,0.07
guest_3969,0.03
guest_3970,0.17
guest_3971,0.11
guest_3972,0.03
guest_3973,0.13
guest_3974,0.19
guest_3975,0.13
guest_3976,0.09
guest_3977,0.11
guest_3978,0.02
guest_3979,0.18
guest_3980,0.19
guest_3981,0.11
guest_3982,0.02
guest_3983,0.05
guest_3984,0.19
guest_3985,0.03
guest_3986,0.18
guest_3987,0.18
guest_3988,0.03
guest_3989,0.07
guest_3990,0.12
guest_3991,0.04
guest_3992,0.0
guest_3993,0.06
guest_3994,0.17
guest_3995,0.02
guest_3996,0.0
guest_3997,0.15
guest_3998,0.07
guest_3999,0.08
guest_4000,0.07
